"","stressor","explanatory_var","response_var","effect","pval","pval_signif","conf_high","conf_low","expl_dev","pval_shape"
"1","Conductivity","lvl07_crop","thr_day",0.579972206934161,0,TRUE,0.594438329472237,0.565564197860224,0.0762561597860826,21
"2","Dissolved_Oxygen","lvl07_crop","thr_day",0.307560797529308,7.18686942546626e-209,TRUE,0.327050269923618,0.287957556721468,0.0198821463198708,21
"3","pH","lvl07_crop","thr_day",-0.574048021429739,3.3875916807397e-181,TRUE,-0.535247347000907,-0.613656223143115,0.0245183577660208,21
"4","Dissolved_Chloride","lvl07_crop","thr_day",0.875299879884429,9.61907075871078e-186,TRUE,0.934112714202202,0.816010707131534,0.116522471738246,21
"5","Nitrate","lvl07_crop","thr_day",-0.761257167901471,3.2209104127484e-102,TRUE,-0.692812838769059,-0.831890154941864,0.017496459274489,21
"6","Turbidity","lvl07_crop","thr_day",0.817509557740479,0,TRUE,0.845110297301909,0.790126143767063,0.062953806050092,21
"7","Total_Phosphorous","lvl07_crop","thr_day",-0.049875884725285,0.0811835597952257,FALSE,0.00526767645439186,-0.106898950433031,0.000138142948335353,19
"8","Total_Dissolved_Solids","lvl07_crop","thr_day",-1.5631576370303,1.46835170606477e-136,TRUE,-1.44266474529162,-1.6891041746154,0.0392319652689346,21
"9","Conductivity","lvl07_forestry_harvest","thr_day",-0.574170235948269,0,TRUE,-0.550885320840291,-0.597611759825978,0.0297002168039922,21
"10","Dissolved_Oxygen","lvl07_forestry_harvest","thr_day",0.0105204891277596,0.386364045724375,FALSE,0.0342045069842933,-0.0134068540535211,1.73932372492484e-05,19
"11","pH","lvl07_forestry_harvest","thr_day",0.654192580392087,0,TRUE,0.676723957156724,0.631674020857045,0.066349914759735,21
"12","Dissolved_Chloride","lvl07_forestry_harvest","thr_day",-2.72640939417575,6.43237533592244e-120,TRUE,-2.50340388578176,-2.96288124262015,0.200724037450719,21
"13","Nitrate","lvl07_forestry_harvest","thr_day",-0.460801010132823,7.93608133480749e-161,TRUE,-0.42745640243842,-0.494301580723159,0.0200520478258213,21
"14","Turbidity","lvl07_forestry_harvest","thr_day",-1.37408465420118,0,TRUE,-1.341543615161,-1.40693008011622,0.176050632626901,21
"15","Total_Phosphorous","lvl07_forestry_harvest","thr_day",0.356019224543895,1.07850599761179e-65,TRUE,0.396764869319341,0.31523631448778,0.0127154310239565,21
"16","Total_Dissolved_Solids","lvl07_forestry_harvest","thr_day",-0.0891898482758067,1.66537741661308e-08,TRUE,-0.0582808927273801,-0.120233059875156,0.000949234752538548,21
"17","Conductivity","lvl07_mines","thr_day",0.580060733133063,0,TRUE,0.598215931596446,0.561944557699954,0.0448166389861777,21
"18","Dissolved_Oxygen","lvl07_mines","thr_day",-0.445209211641491,8.23561413394312e-102,TRUE,-0.404916047644565,-0.486393817852054,0.0135850687160831,21
"19","pH","lvl07_mines","thr_day",-1.92885206836099,9.17330194075612e-292,TRUE,-1.82688488349005,-2.0340144648055,0.0708748021784655,21
"20","Dissolved_Chloride","lvl07_mines","thr_day",-1.07635661233705,8.33687916092425e-49,TRUE,-0.93830535112762,-1.22618884584738,0.0728553776622664,21
"21","Nitrate","lvl07_mines","thr_day",1.07031707934663,0,TRUE,1.09647510310733,1.04434704561362,0.211300450638572,21
"22","Turbidity","lvl07_mines","thr_day",-0.7289378545501,0,TRUE,-0.704902600380179,-0.75323835051233,0.072157131099633,21
"23","Total_Phosphorous","lvl07_mines","thr_day",-0.201394599119391,1.9224712347504e-39,TRUE,-0.171421929075019,-0.231502684206418,0.00780700782096195,21
"24","Total_Dissolved_Solids","lvl07_mines","thr_day",0.535808451443006,0,TRUE,0.558617459638343,0.513054186510669,0.0645820447901547,21
"25","Conductivity","lvl07_nav_water","thr_day",-0.536641102143119,0,TRUE,-0.515206251135945,-0.558502278006792,0.045836713229912,21
"26","Dissolved_Oxygen","lvl07_nav_water","thr_day",0.419694747932716,9.11074070526796e-221,TRUE,0.445535388899022,0.393659224021054,0.020177700001168,21
"27","pH","lvl07_nav_water","thr_day",0.250394567619314,4.50115654588764e-225,TRUE,0.265633691411372,0.234984044775771,0.0179846401054679,21
"28","Dissolved_Chloride","lvl07_nav_water","thr_day",0.475533300771341,1.6082298717995e-12,TRUE,0.603482499673693,0.339272984429714,0.00724807595289752,21
"29","Nitrate","lvl07_nav_water","thr_day",-3.34118468554309,1.01340128251355e-295,TRUE,-3.1650415503561,-3.52138698192467,0.0818989980933826,21
"30","Turbidity","lvl07_nav_water","thr_day",0.241357876926192,1.23250034226143e-84,TRUE,0.265621041600363,0.217083879929801,0.00573219592208338,21
"31","Total_Phosphorous","lvl07_nav_water","thr_day",-0.449900589710999,1.17617754001776e-23,TRUE,-0.363399504715261,-0.539330169791984,0.00532644501393288,21
"32","Total_Dissolved_Solids","lvl07_nav_water","thr_day",-3.37778938555997,2.96373494963462e-231,TRUE,-3.17751030544615,-3.58533408337157,0.138792206315194,21
"33","Conductivity","lvl07_night_lights","thr_day",0.241154102680413,7.85966913478503e-275,TRUE,0.254502594171749,0.227815015891749,0.0138152891661679,21
"34","Dissolved_Oxygen","lvl07_night_lights","thr_day",0.370690005738494,0,TRUE,0.388175094816547,0.353119524607245,0.0339631993923935,21
"35","pH","lvl07_night_lights","thr_day",-0.391098995568164,3.41540663577987e-108,TRUE,-0.356789103254644,-0.426180745211354,0.0135698600654746,21
"36","Dissolved_Chloride","lvl07_night_lights","thr_day",1.40289604473564,0,TRUE,1.47134721322203,1.3365648698875,0.3592009975292,21
"37","Nitrate","lvl07_night_lights","thr_day",-0.370129007798794,9.22100165604815e-46,TRUE,-0.319999241500662,-0.422231427043613,0.00687248123088517,21
"38","Turbidity","lvl07_night_lights","thr_day",0.399000731920546,0,TRUE,0.418482501110797,0.379600036745848,0.0258668936298136,21
"39","Total_Phosphorous","lvl07_night_lights","thr_day",0.254308926331253,4.42679861247793e-21,TRUE,0.306692963830901,0.200844234049873,0.00351179140538608,21
"40","Total_Dissolved_Solids","lvl07_night_lights","thr_day",-7.4586453787776,0,TRUE,-7.15730712455173,-7.76389197196679,0.0998111775992676,21
"41","Conductivity","lvl07_pasture","thr_day",0.506026731288572,0,TRUE,0.520907441549148,0.491177142345081,0.0513427521170089,21
"42","Dissolved_Oxygen","lvl07_pasture","thr_day",0.28834940947261,7.27733870598869e-153,TRUE,0.309785891138871,0.266865513355859,0.0154662300244653,21
"43","pH","lvl07_pasture","thr_day",-0.289872270892782,2.64104145089909e-85,TRUE,-0.261034511497111,-0.319093108480095,0.00930672042090184,21
"44","Dissolved_Chloride","lvl07_pasture","thr_day",0.986869114163023,6.80216994855093e-218,TRUE,1.0481942850436,0.925360253739212,0.141534009182089,21
"45","Nitrate","lvl07_pasture","thr_day",-0.610943474233712,2.64301845686086e-114,TRUE,-0.559061868752291,-0.664504846531386,0.0192750794334274,21
"46","Turbidity","lvl07_pasture","thr_day",0.853420836604376,0,TRUE,0.887262733901461,0.819904152801621,0.0432368405438184,21
"47","Total_Phosphorous","lvl07_pasture","thr_day",-0.170311719579622,0.000938444133856999,TRUE,-0.0719593358587447,-0.273948705037955,0.000527262431399489,21
"48","Total_Dissolved_Solids","lvl07_pasture","thr_day",-6.52077373749041,2.36828603339736e-277,TRUE,-6.16768633992502,-6.88612938406507,0.138910755013789,21
"49","Conductivity","lvl07_population_density","thr_day",0.361514505799549,0,TRUE,0.37748534936995,0.345578522662393,0.022578218043693,21
"50","Dissolved_Oxygen","lvl07_population_density","thr_day",0.603575324532778,0,TRUE,0.629452983284433,0.577770650536812,0.0503453733374377,21
"51","pH","lvl07_population_density","thr_day",0.205788738530659,2.23200609090508e-60,TRUE,0.230390969869997,0.181170075546369,0.00568457826495233,21
"52","Dissolved_Chloride","lvl07_population_density","thr_day",1.78902628396929,0,TRUE,1.8778659431415,1.70307219571127,0.392195530731683,21
"53","Nitrate","lvl07_population_density","thr_day",-0.789925255900995,3.65778429333346e-161,TRUE,-0.733537176855477,-0.848025416029438,0.0294272758138454,21
"54","Turbidity","lvl07_population_density","thr_day",0.287776786012566,2.6154547730212e-123,TRUE,0.311649402907039,0.263880753721992,0.00837164509113326,21
"55","Total_Phosphorous","lvl07_population_density","thr_day",0.276494427677118,3.16710913965954e-15,TRUE,0.344691101896317,0.207184238682238,0.00255707529603328,21
"56","Total_Dissolved_Solids","lvl07_population_density","thr_day",-2.94655951635913,0,TRUE,-2.81005522005242,-3.08823996405228,0.15185797731962,21
"57","Conductivity","lvl07_rail","thr_day",0.544203645267517,0,TRUE,0.55968852092588,0.528776262047289,0.0595205624223692,21
"58","Dissolved_Oxygen","lvl07_rail","thr_day",0.317880911564531,2.86382212051045e-237,TRUE,0.336768641010349,0.298881365753351,0.0222030834810691,21
"59","pH","lvl07_rail","thr_day",-0.932632238471868,0,TRUE,-0.886548768343652,-0.979430415687079,0.0491663302969503,21
"60","Dissolved_Chloride","lvl07_rail","thr_day",1.5772991581864,0,TRUE,1.65198947989136,1.50369752378636,0.313288956386324,21
"61","Nitrate","lvl07_rail","thr_day",0.342128700475139,1.11337672675187e-101,TRUE,0.373505821678225,0.31085473446204,0.0120118432739269,21
"62","Turbidity","lvl07_rail","thr_day",-0.0695500113435597,1.09277824944444e-11,TRUE,-0.0496134335029852,-0.0897462425113865,0.000743331145208444,21
"63","Total_Phosphorous","lvl07_rail","thr_day",-0.215376889558198,5.15559489268026e-11,TRUE,-0.151275444609268,-0.279852125916949,0.00193813049150949,21
"64","Total_Dissolved_Solids","lvl07_rail","thr_day",1.33059273272525,0,TRUE,1.39415257399696,1.26734693514892,0.0537662265577135,21
"65","Conductivity","lvl07_roads","thr_day",0.449716766780082,0,TRUE,0.467631850130576,0.43187173940498,0.0291412533356003,21
"66","Dissolved_Oxygen","lvl07_roads","thr_day",0.855862052496509,0,TRUE,0.891654398390189,0.820531724910139,0.0691143208251896,21
"67","pH","lvl07_roads","thr_day",0.223665196491499,1.64722529230229e-60,TRUE,0.250444936589107,0.197011731573345,0.00595729893421307,21
"68","Dissolved_Chloride","lvl07_roads","thr_day",2.47315917448949,3.2601664749063e-203,TRUE,2.63773167861911,2.31867364245899,0.36843271772106,21
"69","Nitrate","lvl07_roads","thr_day",-0.957728942979991,9.51522082649876e-315,TRUE,-0.908622523529586,-1.00762429561442,0.0510691695228827,21
"70","Turbidity","lvl07_roads","thr_day",0.0343935719185023,0.00122406050165088,FALSE,0.0552236205168384,0.0135242656765039,0.000160594393757614,19
"71","Total_Phosphorous","lvl07_roads","thr_day",0.169352037885212,2.28529658206161e-09,TRUE,0.224638938215734,0.113544821783878,0.00152901192306314,21
"72","Total_Dissolved_Solids","lvl07_roads","thr_day",-1.62810409354034,0,TRUE,-1.56998070793603,-1.6872224588054,0.139524206309185,21
"73","Conductivity","lvl12_crop","thr_day",0.702428331897313,0,TRUE,0.717979775229235,0.686969161295176,0.106990201632218,21
"74","Dissolved_Oxygen","lvl12_crop","thr_day",0.271639231935012,9.64921090250694e-175,TRUE,0.290468086541906,0.252682665164259,0.0165485040902485,21
"75","pH","lvl12_crop","thr_day",-0.416089414216903,6.78596472890413e-103,TRUE,-0.37870725797264,-0.454448563732775,0.0134821029409815,21
"76","Dissolved_Chloride","lvl12_crop","thr_day",0.622276723822486,1.90850686248719e-93,TRUE,0.681099152052026,0.562058463741301,0.0556760261092642,21
"77","Nitrate","lvl12_crop","thr_day",-0.563713777682285,3.88495011536998e-77,TRUE,-0.505178313668512,-0.624077515205491,0.0121063478673413,21
"78","Turbidity","lvl12_crop","thr_day",0.440463941085704,3.71115632253039e-208,TRUE,0.468601865606954,0.412516136523881,0.0151742228902902,21
"79","Total_Phosphorous","lvl12_crop","thr_day",0.09357420205163,9.78085443990461e-05,TRUE,0.140071892365722,0.0458830800910411,0.000635743134044121,21
"80","Total_Dissolved_Solids","lvl12_crop","thr_day",-1.52845075788216,6.59456643056438e-142,TRUE,-1.41369443292468,-1.65010272769026,0.0505337301993615,21
"81","Conductivity","lvl12_forestry_harvest","thr_day",-0.0467838618782872,0.000232787432262904,TRUE,-0.0219168160229473,-0.0717459801446287,0.000150267847636375,21
"82","Dissolved_Oxygen","lvl12_forestry_harvest","thr_day",-0.225488543154038,8.51517709602442e-46,TRUE,-0.194650398220723,-0.25689684903857,0.00538035712371889,21
"83","pH","lvl12_forestry_harvest","thr_day",0.55349916994308,0,TRUE,0.574029153856334,0.532904811148019,0.0513173323262333,21
"84","Dissolved_Chloride","lvl12_forestry_harvest","thr_day",-2.28060771026728,1.24248187596797e-76,TRUE,-2.04796909384167,-2.53111617866221,0.144532837233134,21
"85","Nitrate","lvl12_forestry_harvest","thr_day",0.306856570196899,9.4222405031714e-117,TRUE,0.333058696655214,0.280688812163908,0.01375947060384,21
"86","Turbidity","lvl12_forestry_harvest","thr_day",-1.26045818025769,0,TRUE,-1.22928317722416,-1.29194579088195,0.158485429970955,21
"87","Total_Phosphorous","lvl12_forestry_harvest","thr_day",0.00852354795593156,0.646514911964899,FALSE,0.04477622147126,-0.028082711430787,9.25372188441313e-06,19
"88","Total_Dissolved_Solids","lvl12_forestry_harvest","thr_day",0.0645284405079996,2.38581234603879e-06,TRUE,0.091298844445804,0.0376792280091092,0.000650555177772495,21
"89","Conductivity","lvl12_mines","thr_day",0.509382226788468,0,TRUE,0.527346472864079,0.491472839171678,0.0356371681352695,21
"90","Dissolved_Oxygen","lvl12_mines","thr_day",-0.304720247282425,6.08394974733347e-52,TRUE,-0.265813596557196,-0.344597714833745,0.00649081091347351,21
"91","pH","lvl12_mines","thr_day",-1.28915490610534,5.7952116183556e-155,TRUE,-1.19637851016098,-1.38702518481447,0.0390012721837553,21
"92","Dissolved_Chloride","lvl12_mines","thr_day",-3.1204541473023,4.86735852581667e-22,TRUE,-2.54685061436815,-3.82227752509318,0.111134676886132,21
"93","Nitrate","lvl12_mines","thr_day",1.11756958072466,0,TRUE,1.14288351724294,1.09243619703598,0.25116733903762,21
"94","Turbidity","lvl12_mines","thr_day",-0.727930234614327,0,TRUE,-0.703321135032393,-0.752825434775574,0.069882707212114,21
"95","Total_Phosphorous","lvl12_mines","thr_day",-0.285400316772906,3.70851519947357e-64,TRUE,-0.252492072616636,-0.318655984601889,0.0136871584204937,21
"96","Total_Dissolved_Solids","lvl12_mines","thr_day",0.654016766463174,0,TRUE,0.677744887935916,0.630366681497297,0.0908808752293911,21
"97","Conductivity","lvl12_nav_water","thr_day",-1.01794976357966,0,TRUE,-0.991814234980225,-1.04440942306335,0.109234536927473,21
"98","Dissolved_Oxygen","lvl12_nav_water","thr_day",0.0441871487079364,0.00736637444661449,FALSE,0.0761545180017582,0.0115129721232938,0.000162353645484547,19
"99","pH","lvl12_nav_water","thr_day",-0.25752888933741,8.83491611234278e-59,TRUE,-0.226621586843641,-0.28907509724233,0.00666919064073033,21
"100","Dissolved_Chloride","lvl12_nav_water","thr_day",-0.239402346802712,0.000157622771174381,TRUE,-0.123150052500457,-0.37198984107383,0.00345856030771889,21
"101","Nitrate","lvl12_nav_water","thr_day",-2.65354532549462,2.35025954687992e-168,TRUE,-2.47083233649675,-2.84713071715482,0.0764704909153141,21
"102","Turbidity","lvl12_nav_water","thr_day",0.384980415261413,0,TRUE,0.403266597293022,0.366789162729594,0.02816515386139,21
"103","Total_Phosphorous","lvl12_nav_water","thr_day",-0.145869977980956,4.655909632374e-13,TRUE,-0.107056234166424,-0.186120707137852,0.00265364167641341,21
"104","Total_Dissolved_Solids","lvl12_nav_water","thr_day",-3.60903145162125,3.63224182706671e-87,TRUE,-3.26679602942003,-3.83823182904302,0.0652719444078672,21
"105","Conductivity","lvl12_night_lights","thr_day",-0.205713917913049,1.68315907638734e-193,TRUE,-0.192167603506496,-0.219343569920576,0.0105485360280357,21
"106","Dissolved_Oxygen","lvl12_night_lights","thr_day",0.392717466011122,2.04573966881695e-277,TRUE,0.414243622021341,0.370983889765133,0.0240362887843059,21
"107","pH","lvl12_night_lights","thr_day",-0.468911420806206,1.54733721972906e-121,TRUE,-0.430337529886583,-0.508799745230273,0.0183007694828395,21
"108","Dissolved_Chloride","lvl12_night_lights","thr_day",0.821537895404489,1.95436713650681e-201,TRUE,0.874460754179406,0.76805698849279,0.118275627621605,21
"109","Nitrate","lvl12_night_lights","thr_day",-0.57032544070032,2.26589653828829e-42,TRUE,-0.49058708492135,-0.654649156599337,0.00735455026031858,21
"110","Turbidity","lvl12_night_lights","thr_day",0.511214831152736,0,TRUE,0.531579311563007,0.491043211914147,0.042951610755347,21
"111","Total_Phosphorous","lvl12_night_lights","thr_day",0.0328306631418751,0.225673046905156,FALSE,0.085004107847461,-0.0212878404902374,6.32781150036775e-05,19
"112","Total_Dissolved_Solids","lvl12_night_lights","thr_day",-6.21105239220562,8.831874091988e-237,TRUE,-5.84274292272136,-6.5237845302632,0.0425314939354608,21
"113","Conductivity","lvl12_pasture","thr_day",0.437421083038455,0,TRUE,0.451298557789349,0.423572422655881,0.0437269336064371,21
"114","Dissolved_Oxygen","lvl12_pasture","thr_day",0.201299131561754,8.9717880241797e-79,TRUE,0.222238486678729,0.180243425074242,0.0077489915103833,21
"115","pH","lvl12_pasture","thr_day",-0.170252830874545,1.02210215803904e-32,TRUE,-0.142455759349319,-0.198485394134392,0.00333262398073406,21
"116","Dissolved_Chloride","lvl12_pasture","thr_day",0.837850164946642,2.39214243507249e-189,TRUE,0.8937035281115,0.78174231826361,0.119286099125183,21
"117","Nitrate","lvl12_pasture","thr_day",-0.780497438220399,1.75432375596377e-122,TRUE,-0.716793776870267,-0.846830791062368,0.0248568719914217,21
"118","Turbidity","lvl12_pasture","thr_day",0.331888255676897,2.16229182017298e-70,TRUE,0.368610919316751,0.295249415000749,0.00477739804877469,21
"119","Total_Phosphorous","lvl12_pasture","thr_day",0.0867167559002771,0.0236686369875496,FALSE,0.160549422483847,0.0101948447146556,0.000216478428496644,19
"120","Total_Dissolved_Solids","lvl12_pasture","thr_day",-6.56378036240463,2.13676263588524e-222,TRUE,-6.16891390602455,-6.9776438769646,0.136184280842404,21
"121","Conductivity","lvl12_population_density","thr_day",-0.0455891336421093,2.60682250361801e-09,TRUE,-0.0305849962502287,-0.0605966477280696,0.000390808447409271,21
"122","Dissolved_Oxygen","lvl12_population_density","thr_day",0.784781513296122,0,TRUE,0.815219458075966,0.754487946002104,0.0648864523825762,21
"123","pH","lvl12_population_density","thr_day",0.0818227246908636,5.2011710840484e-11,TRUE,0.106226978226866,0.0573679821104963,0.000914225326030458,21
"124","Dissolved_Chloride","lvl12_population_density","thr_day",1.43001231535382,5.97311083376083e-259,TRUE,1.51247821795534,1.34933117265351,0.239052489857799,21
"125","Nitrate","lvl12_population_density","thr_day",-1.68218391083962,6.15266668336126e-301,TRUE,-1.59467923552301,-1.77253898533715,0.0793541172015983,21
"126","Turbidity","lvl12_population_density","thr_day",0.337062244496601,2.33166996176224e-225,TRUE,0.357670026974813,0.316441473716934,0.0154333089588586,21
"127","Total_Phosphorous","lvl12_population_density","thr_day",0.144957967437661,4.04978845930284e-10,TRUE,0.190067696859655,0.0991654433922964,0.00164021681444208,21
"128","Total_Dissolved_Solids","lvl12_population_density","thr_day",-3.40163588939211,0,TRUE,-3.24958964598043,-3.55903153734741,0.176321996998231,21
"129","Conductivity","lvl12_rail","thr_day",0.0238477962671363,0.000524719192061663,TRUE,0.0373119250776668,0.0103542069012984,0.000131947688917279,21
"130","Dissolved_Oxygen","lvl12_rail","thr_day",0.335745449358123,3.48255187598518e-177,TRUE,0.358856447378745,0.312480626999413,0.0168141259755862,21
"131","pH","lvl12_rail","thr_day",-0.570869861754861,3.50699547274038e-181,TRUE,-0.532313963750004,-0.61029933937655,0.0254249248917662,21
"132","Dissolved_Chloride","lvl12_rail","thr_day",0.621784859005901,6.57811062050723e-73,TRUE,0.688622457591041,0.553592698389621,0.0471850399572942,21
"133","Nitrate","lvl12_rail","thr_day",0.0730327904614436,1.58816480495121e-06,TRUE,0.102790927115312,0.0431413701990415,0.000591475575244189,21
"134","Turbidity","lvl12_rail","thr_day",0.167164660800434,3.76561810455945e-72,TRUE,0.185384408590084,0.148904505094802,0.00483708485364576,21
"135","Total_Phosphorous","lvl12_rail","thr_day",-0.125048160134158,2.37456115696011e-08,TRUE,-0.0815195402666434,-0.169340995896843,0.00144355493417396,21
"136","Total_Dissolved_Solids","lvl12_rail","thr_day",0.220208125786432,1.56210044126204e-29,TRUE,0.258385844577413,0.181885615536707,0.0036495931964982,21
"137","Conductivity","lvl12_roads","thr_day",0.140457616242134,2.07768482827625e-56,TRUE,0.157875602305726,0.123083987277295,0.00281147676443774,21
"138","Dissolved_Oxygen","lvl12_roads","thr_day",1.18886685582788,0,TRUE,1.24000897573879,1.13869761910508,0.0806171569792972,21
"139","pH","lvl12_roads","thr_day",0.156440954679691,1.56101408525828e-29,TRUE,0.183697041544578,0.129346143836957,0.00280979462310683,21
"140","Dissolved_Chloride","lvl12_roads","thr_day",2.08695818351149,1.80349731487963e-166,TRUE,2.23902117728234,1.94138695009031,0.2461633830991,21
"141","Nitrate","lvl12_roads","thr_day",-0.983877846214989,0,TRUE,-0.946077090609824,-1.02204786270266,0.0846604268577652,21
"142","Turbidity","lvl12_roads","thr_day",0.14914975539905,1.59623896062198e-52,TRUE,0.16831559723599,0.129981981234374,0.00357614494010777,21
"143","Total_Phosphorous","lvl12_roads","thr_day",-0.0413545853577132,0.0408872861421171,FALSE,-0.00180968894716643,-0.0810966708967359,0.000185298512122418,19
"144","Total_Dissolved_Solids","lvl12_roads","thr_day",-1.27409391686436,0,TRUE,-1.23261519645227,-1.31597882977454,0.136814700197268,21
"145","Conductivity","lvl07_crop","thr_month",0.588527121783428,0,TRUE,0.603058548887728,0.574056053532369,0.0778923067974966,21
"146","Dissolved_Oxygen","lvl07_crop","thr_month",0.290140923202475,3.46046488759589e-170,TRUE,0.310524634302124,0.269622088576514,0.0172263455761075,21
"147","pH","lvl07_crop","thr_month",-0.684090282084533,2.0682139959598e-195,TRUE,-0.639645102768009,-0.729576166127391,0.0305169574253431,21
"148","Dissolved_Chloride","lvl07_crop","thr_month",0.886174970767895,5.19271352027728e-187,TRUE,0.945527875728565,0.826368216433579,0.120189248604393,21
"149","Nitrate","lvl07_crop","thr_month",-0.760782003050051,1.62840405664163e-103,TRUE,-0.692809948370338,-0.830905937607743,0.0175997574485799,21
"150","Turbidity","lvl07_crop","thr_month",0.799727255718921,0,TRUE,0.827335320976439,0.77234298681529,0.0591916384435739,21
"151","Total_Phosphorous","lvl07_crop","thr_month",-0.0336395544051673,0.234042685964846,FALSE,0.0208837459187288,-0.0899779613575241,6.39516463544663e-05,19
"152","Total_Dissolved_Solids","lvl07_crop","thr_month",-1.54677027434687,2.30929346547078e-135,TRUE,-1.42700178176182,-1.67194810874459,0.038744153442813,21
"153","Conductivity","lvl07_forestry_harvest","thr_month",-0.577092177794518,0,TRUE,-0.553963494051314,-0.600373904601302,0.0301787713497637,21
"154","Dissolved_Oxygen","lvl07_forestry_harvest","thr_month",0.0403910788312481,0.00113445748086622,FALSE,0.0645911399113156,0.0159432914803255,0.00025835522388361,19
"155","pH","lvl07_forestry_harvest","thr_month",0.675560242508848,0,TRUE,0.699124441584636,0.652013886669237,0.0698957901974257,21
"156","Dissolved_Chloride","lvl07_forestry_harvest","thr_month",-2.79971316014697,4.3489272062103e-116,TRUE,-2.56725291357538,-3.04698253425122,0.204716231502536,21
"157","Nitrate","lvl07_forestry_harvest","thr_month",-0.469034709407126,3.39697129910073e-167,TRUE,-0.435755787195811,-0.502470611301543,0.0207824440241996,21
"158","Turbidity","lvl07_forestry_harvest","thr_month",-1.33108378426105,0,TRUE,-1.29979168290316,-1.36266541325465,0.172818391661146,21
"159","Total_Phosphorous","lvl07_forestry_harvest","thr_month",0.309246287457429,1.40266844511173e-49,TRUE,0.350164088747104,0.268268468455028,0.00953825809252437,21
"160","Total_Dissolved_Solids","lvl07_forestry_harvest","thr_month",-0.0889168972108019,1.93414611116595e-08,TRUE,-0.0579612868170507,-0.120007530886389,0.000942650906064,21
"161","Conductivity","lvl07_mines","thr_month",0.590979858972506,0,TRUE,0.609176163387009,0.572825887648384,0.0462833334978862,21
"162","Dissolved_Oxygen","lvl07_mines","thr_month",-0.470082187386435,5.40819015442673e-100,TRUE,-0.427181809473916,-0.51400744719236,0.0144681694499204,21
"163","pH","lvl07_mines","thr_month",-2.60616806095108,8.18706089933836e-284,TRUE,-2.4665518297204,-2.75037886428643,0.0863190940925483,21
"164","Dissolved_Chloride","lvl07_mines","thr_month",-1.07349668473743,1.97330949013881e-47,TRUE,-0.933821269741121,-1.22524384683485,0.0722186751169468,21
"165","Nitrate","lvl07_mines","thr_month",1.06133273260947,0,TRUE,1.08725198873272,1.03559428740631,0.209139109881615,21
"166","Turbidity","lvl07_mines","thr_month",-0.648785908548285,0,TRUE,-0.62651837037761,-0.671260618216973,0.0615824361240624,21
"167","Total_Phosphorous","lvl07_mines","thr_month",-0.22144614380862,1.19159640749209e-46,TRUE,-0.19125548448453,-0.251784301032994,0.00937770181913863,21
"168","Total_Dissolved_Solids","lvl07_mines","thr_month",0.531801092516651,0,TRUE,0.554627287843687,0.509029148000814,0.063613020044022,21
"169","Conductivity","lvl07_nav_water","thr_month",-0.544854476275053,0,TRUE,-0.523404727689189,-0.56672813860829,0.047198353854385,21
"170","Dissolved_Oxygen","lvl07_nav_water","thr_month",0.461672987957731,4.25714096938888e-259,TRUE,0.487899491763951,0.435261527134673,0.0250071705208722,21
"171","pH","lvl07_nav_water","thr_month",0.233541444981463,7.44697719357312e-174,TRUE,0.24972233063525,0.21715135502319,0.0149943383060558,21
"172","Dissolved_Chloride","lvl07_nav_water","thr_month",0.455417747720132,4.69481784056276e-11,TRUE,0.586818726167006,0.315139452163037,0.00648272785037736,21
"173","Nitrate","lvl07_nav_water","thr_month",-3.03064891150561,1.10620248641072e-279,TRUE,-2.86642547884188,-3.19885273243711,0.0758699006899533,21
"174","Turbidity","lvl07_nav_water","thr_month",0.181084879219643,7.69163507765196e-49,TRUE,0.205230577090362,0.156898500941274,0.00318381478364901,21
"175","Total_Phosphorous","lvl07_nav_water","thr_month",-0.525374539019545,4.59293287974156e-29,TRUE,-0.434892891431868,-0.618964678904414,0.00685648115538998,21
"176","Total_Dissolved_Solids","lvl07_nav_water","thr_month",-3.29484661393492,7.86492851541153e-229,TRUE,-3.09853497058692,-3.49845378813394,0.136845668868389,21
"177","Conductivity","lvl07_night_lights","thr_month",0.237664085163964,3.55399956894903e-268,TRUE,0.250983247556914,0.224354928818281,0.0134045757520159,21
"178","Dissolved_Oxygen","lvl07_night_lights","thr_month",0.319137599587039,8.06455641865603e-249,TRUE,0.337632300198142,0.300495133961436,0.0236860926522247,21
"179","pH","lvl07_night_lights","thr_month",-0.531791672118746,3.1765915999637e-137,TRUE,-0.490530662912327,-0.57417603827371,0.0207464058116386,21
"180","Dissolved_Chloride","lvl07_night_lights","thr_month",1.4395819114664,0,TRUE,1.51109260343746,1.37055430833117,0.373344348972891,21
"181","Nitrate","lvl07_night_lights","thr_month",-0.37211669269196,1.26299717404768e-46,TRUE,-0.322197867855638,-0.42398455737937,0.00697233211996651,21
"182","Turbidity","lvl07_night_lights","thr_month",0.386545695199491,0,TRUE,0.40598368135963,0.367192323007642,0.0239741482544113,21
"183","Total_Phosphorous","lvl07_night_lights","thr_month",0.261646110760698,2.56675480749494e-22,TRUE,0.31391566613954,0.20831337665201,0.00374076274816948,21
"184","Total_Dissolved_Solids","lvl07_night_lights","thr_month",-7.45629029583724,0,TRUE,-7.15439448782255,-7.76210704631652,0.0995966183162288,21
"185","Conductivity","lvl07_pasture","thr_month",0.506022891772967,0,TRUE,0.520869106459475,0.491208079375952,0.0513102099414939,21
"186","Dissolved_Oxygen","lvl07_pasture","thr_month",0.293144854108217,2.33041345025031e-146,TRUE,0.315423342722694,0.27081538043357,0.0157510324797192,21
"187","pH","lvl07_pasture","thr_month",-0.333529721930897,6.49133527632639e-96,TRUE,-0.302302083084834,-0.365223226004932,0.0116049026458454,21
"188","Dissolved_Chloride","lvl07_pasture","thr_month",0.999961276255144,7.73824109696647e-219,TRUE,1.06198714059993,0.937793590932491,0.146046421684421,21
"189","Nitrate","lvl07_pasture","thr_month",-0.612715053788176,3.32762686532819e-116,TRUE,-0.561111286732467,-0.665974846614629,0.0194869886485269,21
"190","Turbidity","lvl07_pasture","thr_month",0.854215231776803,0,TRUE,0.888498029928998,0.820288645066078,0.0421417684243898,21
"191","Total_Phosphorous","lvl07_pasture","thr_month",-0.126250088732356,0.0114140986127926,FALSE,-0.0307881270108537,-0.226595163834747,0.000302144661823338,19
"192","Total_Dissolved_Solids","lvl07_pasture","thr_month",-6.36175809906664,9.95550038283609e-275,TRUE,-6.0155741331795,-6.71985781547999,0.136668512350803,21
"193","Conductivity","lvl07_population_density","thr_month",0.355627819563708,0,TRUE,0.371503048081592,0.339786367395437,0.0219366621308549,21
"194","Dissolved_Oxygen","lvl07_population_density","thr_month",0.583823183256096,0,TRUE,0.610651952193469,0.557066506352294,0.0464303518201933,21
"195","pH","lvl07_population_density","thr_month",0.185817173655972,4.37354961263149e-45,TRUE,0.211653475290509,0.159956212732569,0.00453090119639087,21
"196","Dissolved_Chloride","lvl07_population_density","thr_month",1.84008415442578,0,TRUE,1.93295976951159,1.7504794691526,0.407499150830459,21
"197","Nitrate","lvl07_population_density","thr_month",-0.789881541093301,2.08382078661316e-163,TRUE,-0.733882456070544,-0.847565135699406,0.0296336819938933,21
"198","Turbidity","lvl07_population_density","thr_month",0.257453796497363,2.96443509868618e-100,TRUE,0.281182269755066,0.233699174402412,0.00665722621256466,21
"199","Total_Phosphorous","lvl07_population_density","thr_month",0.314774819744368,1.13992205756071e-19,TRUE,0.382260680490594,0.246254332557463,0.00337735744056202,21
"200","Total_Dissolved_Solids","lvl07_population_density","thr_month",-2.92740836928584,0,TRUE,-2.79155598761052,-3.06840998653187,0.150762236860067,21
"201","Conductivity","lvl07_rail","thr_month",0.543915996569203,0,TRUE,0.55939982507232,0.52849041783527,0.0591863910068444,21
"202","Dissolved_Oxygen","lvl07_rail","thr_month",0.278607878373539,6.70927685753483e-164,TRUE,0.298545217230678,0.258512087993195,0.0162874231767677,21
"203","pH","lvl07_rail","thr_month",-1.26209015553362,0,TRUE,-1.2057940298491,-1.31928578993651,0.0709047395295718,21
"204","Dissolved_Chloride","lvl07_rail","thr_month",1.61556587240153,0,TRUE,1.69209085799336,1.54029023894316,0.328396938922894,21
"205","Nitrate","lvl07_rail","thr_month",0.334632339373142,9.04882406552879e-98,TRUE,0.365940722385273,0.303424830049774,0.0114793942467284,21
"206","Turbidity","lvl07_rail","thr_month",-0.074233265412656,2.07393530334643e-13,TRUE,-0.0545441557733979,-0.0941700656666046,0.000851825600881588,21
"207","Total_Phosphorous","lvl07_rail","thr_month",-0.162474649951297,6.51483101299912e-07,TRUE,-0.0986499029973887,-0.226663555543214,0.00111163065684961,21
"208","Total_Dissolved_Solids","lvl07_rail","thr_month",1.32654740548178,0,TRUE,1.39017809864819,1.26323110437096,0.053418499967612,21
"209","Conductivity","lvl07_roads","thr_month",0.449539321012119,0,TRUE,0.46733404061117,0.431812718199184,0.029273269965714,21
"210","Dissolved_Oxygen","lvl07_roads","thr_month",0.836928715419157,0,TRUE,0.873916861589515,0.800432332455283,0.0654396149439641,21
"211","pH","lvl07_roads","thr_month",0.195010769113088,7.18153006982076e-43,TRUE,0.222924427649908,0.167226240310314,0.00446987567330265,21
"212","Dissolved_Chloride","lvl07_roads","thr_month",2.63258000307664,7.41960730453935e-185,TRUE,2.81701930773224,2.46071164496649,0.386528891745663,21
"213","Nitrate","lvl07_roads","thr_month",-0.959810919498129,5.84331439336442e-319,TRUE,-0.910924791278042,-1.00947921476997,0.0515015042893878,21
"214","Turbidity","lvl07_roads","thr_month",-0.00329283415319847,0.754744623995379,FALSE,0.0173465922745827,-0.0239733658376561,1.47284986826671e-06,19
"215","Total_Phosphorous","lvl07_roads","thr_month",0.206073085786421,2.47753057210786e-13,TRUE,0.261007396551845,0.150644667938899,0.00229071958533809,21
"216","Total_Dissolved_Solids","lvl07_roads","thr_month",-1.62974930123025,0,TRUE,-1.57146478159787,-1.6890340417347,0.139458053109798,21
"217","Conductivity","lvl12_crop","thr_month",0.718881114982269,0,TRUE,0.734636694943077,0.703222403016661,0.110101587504412,21
"218","Dissolved_Oxygen","lvl12_crop","thr_month",0.304599795919631,9.77470339475349e-211,TRUE,0.323809820352837,0.285266240645922,0.0211199758279395,21
"219","pH","lvl12_crop","thr_month",-0.45419914904281,1.97379522381259e-102,TRUE,-0.413340238606526,-0.496221399683588,0.0149290071811773,21
"220","Dissolved_Chloride","lvl12_crop","thr_month",0.628116439657716,1.21511022583269e-93,TRUE,0.687428211539876,0.567397467033161,0.0569807202598205,21
"221","Nitrate","lvl12_crop","thr_month",-0.578630028115605,2.21402058584197e-80,TRUE,-0.519802047042155,-0.639299029499881,0.0126621724502331,21
"222","Turbidity","lvl12_crop","thr_month",0.430697937601349,9.4730323701772e-199,TRUE,0.458867674888927,0.402729125711801,0.0142753479423781,21
"223","Total_Phosphorous","lvl12_crop","thr_month",0.111932599091827,2.38614399324166e-06,TRUE,0.157888607736549,0.0648446277091805,0.000927679929059396,21
"224","Total_Dissolved_Solids","lvl12_crop","thr_month",-1.5075627310959,1.4181076521641e-141,TRUE,-1.39421582706942,-1.62766647242707,0.0498678554425553,21
"225","Conductivity","lvl12_forestry_harvest","thr_month",-0.041000042258666,0.00117269818598568,FALSE,-0.0162833693143069,-0.0658060140164453,0.000115944777183961,19
"226","Dissolved_Oxygen","lvl12_forestry_harvest","thr_month",-0.209082566246923,1.50256185126367e-37,TRUE,-0.177384361836461,-0.241386765361223,0.00461759724489671,21
"227","pH","lvl12_forestry_harvest","thr_month",0.581782116173739,0,TRUE,0.602958505892883,0.560542444316272,0.0572070690516752,21
"228","Dissolved_Chloride","lvl12_forestry_harvest","thr_month",-2.39758759177962,6.31124657247201e-74,TRUE,-2.1490644873711,-2.66652674796372,0.149820036361699,21
"229","Nitrate","lvl12_forestry_harvest","thr_month",0.303020008087187,1.61454168779744e-114,TRUE,0.329150152173435,0.276924350329358,0.0134267007311286,21
"230","Turbidity","lvl12_forestry_harvest","thr_month",-1.18086740131623,0,TRUE,-1.15154577469366,-1.21047161193606,0.149404774356128,21
"231","Total_Phosphorous","lvl12_forestry_harvest","thr_month",0.0508347888878917,0.0055454986636701,FALSE,0.0865966756572704,0.0147439241016664,0.000336137036871545,19
"232","Total_Dissolved_Solids","lvl12_forestry_harvest","thr_month",0.0646952843683296,2.32153150124136e-06,TRUE,0.0915030270008477,0.037807996904351,0.000653483791659959,21
"233","Conductivity","lvl12_mines","thr_month",0.521924262498125,0,TRUE,0.53998625798702,0.503922840772163,0.0371023839398215,21
"234","Dissolved_Oxygen","lvl12_mines","thr_month",-0.323653550893383,7.12873449850171e-52,TRUE,-0.282339472020265,-0.366078453426997,0.00701261584989406,21
"235","pH","lvl12_mines","thr_month",-1.82845800626908,3.74673060868677e-125,TRUE,-1.6827031225274,-1.98420827888289,0.0476548859335556,21
"236","Dissolved_Chloride","lvl12_mines","thr_month",-3.42350189054313,1.1437893308453e-19,TRUE,-2.7596017555726,-4.24871503257674,0.113405032058829,21
"237","Nitrate","lvl12_mines","thr_month",1.11638387364179,0,TRUE,1.1415982565578,1.09134749567941,0.250970428673628,21
"238","Turbidity","lvl12_mines","thr_month",-0.64236703520251,0,TRUE,-0.619693446668649,-0.665264474813897,0.0590745220457249,21
"239","Total_Phosphorous","lvl12_mines","thr_month",-0.289830944815866,1.82898840952158e-65,TRUE,-0.256758887883451,-0.323256965243677,0.0140574407065805,21
"240","Total_Dissolved_Solids","lvl12_mines","thr_month",0.65520072714722,0,TRUE,0.678962417736001,0.631517488483011,0.0911703219664463,21
"241","Conductivity","lvl12_nav_water","thr_month",-1.03079232379854,0,TRUE,-1.004704930125,-1.05720042942031,0.112127118940994,21
"242","Dissolved_Oxygen","lvl12_nav_water","thr_month",-0.0886568189713368,5.93057747852119e-06,TRUE,-0.0507475707686551,-0.12749405398568,0.000538865489100693,21
"243","pH","lvl12_nav_water","thr_month",-0.4233921246999,1.33043002358585e-102,TRUE,-0.38527604587386,-0.462460519141748,0.0143337905675647,21
"244","Dissolved_Chloride","lvl12_nav_water","thr_month",-0.226006470212877,0.000327446319012882,TRUE,-0.110634513548761,-0.357741079685936,0.00315363848661763,21
"245","Nitrate","lvl12_nav_water","thr_month",-2.63008040088367,8.09480995701595e-172,TRUE,-2.4507733134692,-2.81991243639053,0.0768332925995852,21
"246","Turbidity","lvl12_nav_water","thr_month",0.348346063142195,2.55138424381043e-316,TRUE,0.366347992886417,0.330432958548023,0.0230251542818131,21
"247","Total_Phosphorous","lvl12_nav_water","thr_month",-0.139713682731969,3.22437548527872e-12,TRUE,-0.101110480399446,-0.179743565042944,0.0024568102136657,21
"248","Total_Dissolved_Solids","lvl12_nav_water","thr_month",-3.67511629927271,1.00898025296173e-85,TRUE,-3.32381358497435,-3.82786628684026,0.0654839780779657,21
"249","Conductivity","lvl12_night_lights","thr_month",-0.205749163572932,2.47966946977974e-196,TRUE,-0.192298649129532,-0.219280414933452,0.0106159885264953,21
"250","Dissolved_Oxygen","lvl12_night_lights","thr_month",0.281922246050381,1.03948889661445e-113,TRUE,0.306128979035459,0.257359255574612,0.0106711561488279,21
"251","pH","lvl12_night_lights","thr_month",-0.740512750432195,6.89054711301034e-140,TRUE,-0.684126718683815,-0.799466593772516,0.0299015365988727,21
"252","Dissolved_Chloride","lvl12_night_lights","thr_month",0.835079116873822,9.20044872280248e-206,TRUE,0.888319656821275,0.781317201626564,0.123902908730145,21
"253","Nitrate","lvl12_night_lights","thr_month",-0.583474646925979,1.01643949578093e-43,TRUE,-0.50321953438572,-0.668352426188466,0.00763068361534621,21
"254","Turbidity","lvl12_night_lights","thr_month",0.499903100953949,0,TRUE,0.520320362042138,0.479684490738582,0.0402595991846919,21
"255","Total_Phosphorous","lvl12_night_lights","thr_month",0.038593190095881,0.152987397763136,FALSE,0.0905987484425655,-0.0153346068282705,8.80430905645163e-05,19
"256","Total_Dissolved_Solids","lvl12_night_lights","thr_month",-6.28301982879467,1.16291743582497e-239,TRUE,-5.91270607443806,-6.52027735663359,0.0431963214293445,21
"257","Conductivity","lvl12_pasture","thr_month",0.436594965385489,0,TRUE,0.450456967349835,0.422762489041623,0.0434627906505585,21
"258","Dissolved_Oxygen","lvl12_pasture","thr_month",0.240438524177926,2.24408082302174e-106,TRUE,0.261896492891051,0.218869755506008,0.0111351767171868,21
"259","pH","lvl12_pasture","thr_month",-0.175413017938587,2.98830794738329e-31,TRUE,-0.146087000461527,-0.20522922986334,0.00343932624768261,21
"260","Dissolved_Chloride","lvl12_pasture","thr_month",0.846367314156431,7.3627161932688e-190,TRUE,0.902724283934829,0.789778168989072,0.122527821838469,21
"261","Nitrate","lvl12_pasture","thr_month",-0.784508907295141,1.33350909981332e-124,TRUE,-0.721025914499734,-0.850596311061924,0.0251961524478988,21
"262","Turbidity","lvl12_pasture","thr_month",0.32979329451251,8.65341925576013e-70,TRUE,0.366459316654472,0.293238860690645,0.00467201319872075,21
"263","Total_Phosphorous","lvl12_pasture","thr_month",0.130032814246261,0.000486775048737092,TRUE,0.20195052355752,0.0557066258244978,0.000507149753694072,21
"264","Total_Dissolved_Solids","lvl12_pasture","thr_month",-6.34286176612222,5.62879907317221e-223,TRUE,-5.96158170127561,-6.7420042571337,0.133719303930058,21
"265","Conductivity","lvl12_population_density","thr_month",-0.0497289781198959,6.83822795745991e-11,TRUE,-0.0347912773779643,-0.0646703439261401,0.000466119301765348,21
"266","Dissolved_Oxygen","lvl12_population_density","thr_month",0.735314399959042,0,TRUE,0.766620380733362,0.704147905361428,0.0565578528516472,21
"267","pH","lvl12_population_density","thr_month",0.0321523135015854,0.0146695104301772,FALSE,0.0579413146341254,0.00629084967514254,0.000136840117843597,19
"268","Dissolved_Chloride","lvl12_population_density","thr_month",1.46337263724202,5.47300211734383e-257,TRUE,1.54816252964116,1.38056446271139,0.248127598712161,21
"269","Nitrate","lvl12_population_density","thr_month",-1.68864738906793,1.24360729257195e-305,TRUE,-1.60147958987859,-1.77863600072049,0.0802796719120631,21
"270","Turbidity","lvl12_population_density","thr_month",0.306557439075055,3.18157231941284e-189,TRUE,0.327029458732722,0.286071483580161,0.0126971603761432,21
"271","Total_Phosphorous","lvl12_population_density","thr_month",0.176106987483293,1.44009769659239e-14,TRUE,0.220665465216538,0.130911888708157,0.00247132318967453,21
"272","Total_Dissolved_Solids","lvl12_population_density","thr_month",-3.39833513005922,0,TRUE,-3.24603434244154,-3.55600795202553,0.175710090454971,21
"273","Conductivity","lvl12_rail","thr_month",0.0219782904066471,0.00133582422935078,FALSE,0.0353917264156333,0.00853664235245104,0.000112240527004772,19
"274","Dissolved_Oxygen","lvl12_rail","thr_month",0.258423219431407,1.65224969836947e-91,TRUE,0.283283233271856,0.233347665850011,0.00928493704301166,21
"275","pH","lvl12_rail","thr_month",-0.803643466455639,2.2778977382768e-219,TRUE,-0.754479485725252,-0.854134322172964,0.0385568690995251,21
"276","Dissolved_Chloride","lvl12_rail","thr_month",0.638400784784511,5.41672708776721e-76,TRUE,0.705599434948125,0.569875394131454,0.0502341978134313,21
"277","Nitrate","lvl12_rail","thr_month",0.0610496981920551,5.98003725710548e-05,TRUE,0.0907962281250649,0.0311664981684032,0.000412243250722752,21
"278","Turbidity","lvl12_rail","thr_month",0.156253701742004,3.03617406133322e-64,TRUE,0.174332665925704,0.138137766167129,0.00421780823467582,21
"279","Total_Phosphorous","lvl12_rail","thr_month",-0.112526493055698,4.50242165287854e-07,TRUE,-0.0691942239272531,-0.156613144947977,0.00117839135412098,21
"280","Total_Dissolved_Solids","lvl12_rail","thr_month",0.206099431389353,6.51791625341925e-26,TRUE,0.244398415209035,0.167642877209995,0.00318423289746911,21
"281","Conductivity","lvl12_roads","thr_month",0.139902458701126,1.43015343481307e-56,TRUE,0.157225172090051,0.122622439489095,0.00279961232851649,21
"282","Dissolved_Oxygen","lvl12_roads","thr_month",1.15417189822788,0,TRUE,1.2065657422536,1.10280462632444,0.0760048504324471,21
"283","pH","lvl12_roads","thr_month",0.120278416758258,6.43739166878289e-17,TRUE,0.148570906441784,0.0921499743611761,0.00164880373510974,21
"284","Dissolved_Chloride","lvl12_roads","thr_month",2.24175451523594,1.8109016020069e-163,TRUE,2.40683072508646,2.08412250767736,0.264498261582765,21
"285","Nitrate","lvl12_roads","thr_month",-0.998082592159112,0,TRUE,-0.960253312289177,-1.03628294878365,0.0869278387630284,21
"286","Turbidity","lvl12_roads","thr_month",0.113940243686404,3.48515107329309e-32,TRUE,0.132848182385397,0.0950275355754815,0.00209894486285103,21
"287","Total_Phosphorous","lvl12_roads","thr_month",0.0266678561584328,0.183256863927328,FALSE,0.0658619867633579,-0.012693957711547,7.8180240063013e-05,19
"288","Total_Dissolved_Solids","lvl12_roads","thr_month",-1.28172321145581,0,TRUE,-1.24006044456448,-1.32379719194698,0.13792083241714,21
"289","Conductivity","lvl07_crop","thr_year",0.687982408186216,0,TRUE,0.70324760246114,0.672794135188845,0.101022697878249,21
"290","Dissolved_Oxygen","lvl07_crop","thr_year",0.258381642837424,3.68729291582772e-66,TRUE,0.287684742128687,0.228725805507769,0.0116883489988903,21
"291","pH","lvl07_crop","thr_year",-1.54169464872716,1.93478315476818e-244,TRUE,-1.45288814325746,-1.6339308217809,0.0710570884861781,21
"292","Dissolved_Chloride","lvl07_crop","thr_year",0.908908073600847,1.33176738844054e-214,TRUE,0.965757072243148,0.851756821800325,0.128908071575688,21
"293","Nitrate","lvl07_crop","thr_year",-0.644125177389162,9.63399558320086e-89,TRUE,-0.581818783358156,-0.708268679999686,0.0140204836226621,21
"294","Turbidity","lvl07_crop","thr_year",1.01394982506316,0,TRUE,1.04571318038786,0.982527270395111,0.07819383875684,21
"295","Total_Phosphorous","lvl07_crop","thr_year",0.0981574254159551,0.000235036580712885,TRUE,0.14974552811208,0.0450858325557286,0.000617334567529534,21
"296","Total_Dissolved_Solids","lvl07_crop","thr_year",-1.61436570156085,4.70944837325357e-153,TRUE,-1.49679681012913,-1.73700536449695,0.0426130918272513,21
"297","Conductivity","lvl07_forestry_harvest","thr_year",-0.632928013377944,0,TRUE,-0.609584148010623,-0.656429957558397,0.0358200403822401,21
"298","Dissolved_Oxygen","lvl07_forestry_harvest","thr_year",0.195009174346275,4.66200132841668e-33,TRUE,0.226742755792514,0.162913081072853,0.00590801280568304,21
"299","pH","lvl07_forestry_harvest","thr_year",0.761856851354704,0,TRUE,0.787754912846305,0.73600650033114,0.0870491884373087,21
"300","Dissolved_Chloride","lvl07_forestry_harvest","thr_year",-2.89381524991282,1.24837634443269e-128,TRUE,-2.66565707136475,-3.13629603473382,0.215820551088775,21
"301","Nitrate","lvl07_forestry_harvest","thr_year",-0.460678041659043,2.08360201147419e-163,TRUE,-0.427609533078577,-0.4939003334213,0.0201460420800824,21
"302","Turbidity","lvl07_forestry_harvest","thr_year",-1.29558017506306,0,TRUE,-1.26656417083909,-1.32485557858129,0.177851862268915,21
"303","Total_Phosphorous","lvl07_forestry_harvest","thr_year",0.318653569780792,1.4887757968806e-47,TRUE,0.361729833402122,0.27549463137709,0.00990613431515855,21
"304","Total_Dissolved_Solids","lvl07_forestry_harvest","thr_year",-0.117541466413166,2.72634122266819e-14,TRUE,-0.0873341896742637,-0.147877125934196,0.00166434713322064,21
"305","Conductivity","lvl07_mines","thr_year",0.601422484180116,0,TRUE,0.619677995948044,0.583214134114778,0.0475077993901329,21
"306","Dissolved_Oxygen","lvl07_mines","thr_year",-0.483283808885251,5.81561561635627e-49,TRUE,-0.420017397854798,-0.548878921532505,0.0126606715844258,21
"307","pH","lvl07_mines","thr_year",-5.08032219159919,2.28717600244056e-223,TRUE,-4.77583567411037,-5.40028784761061,0.120453246328104,21
"308","Dissolved_Chloride","lvl07_mines","thr_year",-1.10978854632199,6.56885483472305e-53,TRUE,-0.973235375467449,-1.25787430187383,0.0764868327329213,21
"309","Nitrate","lvl07_mines","thr_year",1.05664672352628,0,TRUE,1.0823431713689,1.0311244719319,0.208471826694988,21
"310","Turbidity","lvl07_mines","thr_year",-0.66560238985961,0,TRUE,-0.64469849738298,-0.68667555784136,0.0683504510022246,21
"311","Total_Phosphorous","lvl07_mines","thr_year",-0.436208532023806,1.55403891969757e-135,TRUE,-0.401869369670658,-0.470885774420187,0.032692500519086,21
"312","Total_Dissolved_Solids","lvl07_mines","thr_year",0.645501220094134,0,TRUE,0.668196299907972,0.622875321650012,0.093179953634936,21
"313","Conductivity","lvl07_nav_water","thr_year",-0.607492546877479,0,TRUE,-0.584643685004227,-0.630792585780327,0.0543774936674066,21
"314","Dissolved_Oxygen","lvl07_nav_water","thr_year",0.548734213190712,4.91989683968565e-220,TRUE,0.582507501883898,0.514561650020318,0.035419193020882,21
"315","pH","lvl07_nav_water","thr_year",0.250950276632537,1.00758475000178e-176,TRUE,0.268185377936411,0.233474521003121,0.0174315537269438,21
"316","Dissolved_Chloride","lvl07_nav_water","thr_year",0.486905334641363,4.01400812545846e-14,TRUE,0.609541542285193,0.35677800547524,0.00777917829058993,21
"317","Nitrate","lvl07_nav_water","thr_year",-2.67860500384899,1.08515531271591e-261,TRUE,-2.52862251566892,-2.83244513249352,0.0687312009090822,21
"318","Turbidity","lvl07_nav_water","thr_year",0.200508708074868,4.40428017793108e-62,TRUE,0.224150561945204,0.17687704504579,0.00390492860253006,21
"319","Total_Phosphorous","lvl07_nav_water","thr_year",-0.597068026297056,1.99866798502127e-30,TRUE,-0.496847668710274,-0.7010262767682,0.00806833490552724,21
"320","Total_Dissolved_Solids","lvl07_nav_water","thr_year",-4.04623750239092,1.41708249445918e-270,TRUE,-3.82385201979036,-4.27527107942091,0.159335464303384,21
"321","Conductivity","lvl07_night_lights","thr_year",0.250111555739052,9.06924717721074e-298,TRUE,0.26341010599684,0.236826849524372,0.0148066019610089,21
"322","Dissolved_Oxygen","lvl07_night_lights","thr_year",0.374245965418306,7.89111938218935e-205,TRUE,0.398113214219163,0.350066021025066,0.0325909718010541,21
"323","pH","lvl07_night_lights","thr_year",-0.791398640877622,1.53897681725392e-151,TRUE,-0.733297298072395,-0.851645357324058,0.0326023753879429,21
"324","Dissolved_Chloride","lvl07_night_lights","thr_year",1.51644315368878,0,TRUE,1.58825162475058,1.44733551093181,0.410283456283491,21
"325","Nitrate","lvl07_night_lights","thr_year",-0.357565873811893,2.81204939700142e-45,TRUE,-0.308825436117849,-0.408132519195568,0.00661008518416396,21
"326","Turbidity","lvl07_night_lights","thr_year",0.33648976125896,8.25761087421304e-258,TRUE,0.355765323050432,0.317306480021984,0.017546562226858,21
"327","Total_Phosphorous","lvl07_night_lights","thr_year",0.389347648052053,3.31919808643625e-50,TRUE,0.440179864509598,0.337706040092953,0.00922573199666022,21
"328","Total_Dissolved_Solids","lvl07_night_lights","thr_year",-7.27767600538829,0,TRUE,-6.99070547725946,-7.56821978119376,0.0997298180950508,21
"329","Conductivity","lvl07_pasture","thr_year",0.53896270647921,0,TRUE,0.553866466520003,0.52409377256291,0.0577411064014592,21
"330","Dissolved_Oxygen","lvl07_pasture","thr_year",0.316440510381023,1.15538395646558e-84,TRUE,0.348201595288067,0.284574055283952,0.0160427013138324,21
"331","pH","lvl07_pasture","thr_year",-0.654446655641412,9.71791154389905e-184,TRUE,-0.610591477280592,-0.69935166352618,0.0320432453910257,21
"332","Dissolved_Chloride","lvl07_pasture","thr_year",0.972675338822251,5.1223252693539e-225,TRUE,1.03212566702973,0.913012290192659,0.137120712058838,21
"333","Nitrate","lvl07_pasture","thr_year",-0.553568956530839,2.13291478739833e-107,TRUE,-0.504976377071558,-0.603581169009167,0.0170023976920594,21
"334","Turbidity","lvl07_pasture","thr_year",1.13865580876861,0,TRUE,1.18184872929376,1.09633182738086,0.0589050226836643,21
"335","Total_Phosphorous","lvl07_pasture","thr_year",0.0012349018457227,0.979496492517857,FALSE,0.0932904179328235,-0.0952325793247173,3.17937796703323e-08,19
"336","Total_Dissolved_Solids","lvl07_pasture","thr_year",-8.08904408729128,1.13643576134086e-311,TRUE,-7.67647508457035,-8.5168887784047,0.1645850218714,21
"337","Conductivity","lvl07_population_density","thr_year",0.392369934848669,0,TRUE,0.408236914071331,0.37653952368514,0.026627207006065,21
"338","Dissolved_Oxygen","lvl07_population_density","thr_year",0.552600917407049,9.4646954023491e-177,TRUE,0.590870334334635,0.514445753230537,0.0361247622246447,21
"339","pH","lvl07_population_density","thr_year",0.139764065008767,7.94321819117925e-22,TRUE,0.168274171781232,0.111206297001048,0.00244795502853231,21
"340","Dissolved_Chloride","lvl07_population_density","thr_year",1.8883246669926,0,TRUE,1.97916870564395,1.80063743783163,0.426490058799101,21
"341","Nitrate","lvl07_population_density","thr_year",-0.736005715776314,2.86409140650892e-157,TRUE,-0.682748857260557,-0.790782519246631,0.0272374366684239,21
"342","Turbidity","lvl07_population_density","thr_year",0.204604981421765,2.19688043411462e-66,TRUE,0.227897902754616,0.181295303316059,0.00415951031689265,21
"343","Total_Phosphorous","lvl07_population_density","thr_year",0.532868432630639,1.41344518284091e-55,TRUE,0.599018882412539,0.465976317823518,0.0106279734507426,21
"344","Total_Dissolved_Solids","lvl07_population_density","thr_year",-3.09788048744076,0,TRUE,-2.96073667531979,-3.24007251080703,0.166034405461598,21
"345","Conductivity","lvl07_rail","thr_year",0.581144638368617,0,TRUE,0.596857767940277,0.565494262247114,0.0658473913966189,21
"346","Dissolved_Oxygen","lvl07_rail","thr_year",0.309881442858445,7.79310199715043e-111,TRUE,0.336842203075052,0.282532005292891,0.018723229537102,21
"347","pH","lvl07_rail","thr_year",-2.74873754346405,0,TRUE,-2.64391362442586,-2.85604023465087,0.156448736881124,21
"348","Dissolved_Chloride","lvl07_rail","thr_year",1.62937015007889,0,TRUE,1.70303353240679,1.55685473479951,0.334209080612511,21
"349","Nitrate","lvl07_rail","thr_year",0.33313357586209,3.45872406312707e-97,TRUE,0.364398976201936,0.301973194741616,0.0113571844872591,21
"350","Turbidity","lvl07_rail","thr_year",-0.127524524860886,1.2968942269614e-36,TRUE,-0.107865360421767,-0.147419666681916,0.00245330020776966,21
"351","Total_Phosphorous","lvl07_rail","thr_year",-0.118788571292691,0.000547202851310727,TRUE,-0.0516336531534902,-0.186352287743658,0.000581584583130746,21
"352","Total_Dissolved_Solids","lvl07_rail","thr_year",1.53443487932238,0,TRUE,1.5977308282185,1.47148214793219,0.0709334702927739,21
"353","Conductivity","lvl07_roads","thr_year",0.495596746348029,0,TRUE,0.513449894215212,0.477814309003229,0.0353352026916862,21
"354","Dissolved_Oxygen","lvl07_roads","thr_year",0.945401497677174,2.22103927268705e-230,TRUE,1.00321902222932,0.88883932504662,0.0659027026701844,21
"355","pH","lvl07_roads","thr_year",0.115005337010336,7.25286140980326e-14,TRUE,0.145189336422011,0.08494275768418,0.0015235127673278,21
"356","Dissolved_Chloride","lvl07_roads","thr_year",2.72111298431007,2.40078910640092e-199,TRUE,2.90450380971913,2.55003301126376,0.40505254216858,21
"357","Nitrate","lvl07_roads","thr_year",-0.921288103713541,2.28647985152674e-309,TRUE,-0.873628956996759,-0.969690327799846,0.0488071693415735,21
"358","Turbidity","lvl07_roads","thr_year",-0.00445546486511854,0.660015434062058,FALSE,0.0153814949788203,-0.0243223428006148,2.7557616280162e-06,19
"359","Total_Phosphorous","lvl07_roads","thr_year",0.381102069217711,6.79232967203753e-41,TRUE,0.436667511816412,0.325099498266109,0.00813601337279801,21
"360","Total_Dissolved_Solids","lvl07_roads","thr_year",-1.7001147061113,0,TRUE,-1.64246123721295,-1.75875737399382,0.152268905467325,21
"361","Conductivity","lvl12_crop","thr_year",0.879939169886871,0,TRUE,0.89747857359109,0.862529073079341,0.147035453984111,21
"362","Dissolved_Oxygen","lvl12_crop","thr_year",0.314672635151666,1.71102376368946e-115,TRUE,0.341535132110901,0.28752927449864,0.0201427728549566,21
"363","pH","lvl12_crop","thr_year",-1.35388325295059,4.65605833534074e-159,TRUE,-1.2573377583608,-1.454884769541,0.0481897595209138,21
"364","Dissolved_Chloride","lvl12_crop","thr_year",0.667480580358749,1.46953151011523e-119,TRUE,0.723277538118593,0.610664522313255,0.0677674124938008,21
"365","Nitrate","lvl12_crop","thr_year",-0.554238309357693,6.57810884333102e-78,TRUE,-0.496953671154563,-0.613257490202638,0.0119738856063441,21
"366","Turbidity","lvl12_crop","thr_year",0.762259464057737,0,TRUE,0.798201714424661,0.726951493583915,0.0346690175635839,21
"367","Total_Phosphorous","lvl12_crop","thr_year",0.265574870018173,9.824215926682e-33,TRUE,0.308889846642852,0.221489852965089,0.00605433199129038,21
"368","Total_Dissolved_Solids","lvl12_crop","thr_year",-1.56443608502757,1.90417887440142e-157,TRUE,-1.45287469286564,-1.68241606207283,0.0544114492983304,21
"369","Conductivity","lvl12_forestry_harvest","thr_year",-0.05038938479325,5.95563111750841e-05,TRUE,-0.025830057183619,-0.0750332854920309,0.000175587789820905,21
"370","Dissolved_Oxygen","lvl12_forestry_harvest","thr_year",-0.177772867955796,1.45801436142107e-14,TRUE,-0.13308726845742,-0.22371902700539,0.00293295484569261,21
"371","pH","lvl12_forestry_harvest","thr_year",0.677921754288099,0,TRUE,0.700362908002401,0.655444845354735,0.080712633709668,21
"372","Dissolved_Chloride","lvl12_forestry_harvest","thr_year",-2.59967368108481,1.4819545435521e-80,TRUE,-2.34206503228735,-2.87900703798319,0.163284472564115,21
"373","Nitrate","lvl12_forestry_harvest","thr_year",0.327404296730924,1.36282868580866e-133,TRUE,0.353516273677845,0.301336759193784,0.0156694605774226,21
"374","Turbidity","lvl12_forestry_harvest","thr_year",-1.16130646534682,0,TRUE,-1.1341510803842,-1.18870177386706,0.156271663910365,21
"375","Total_Phosphorous","lvl12_forestry_harvest","thr_year",0.00649618710720903,0.741904392467042,FALSE,0.0449481826650687,-0.0323781483000216,5.21445917947131e-06,19
"376","Total_Dissolved_Solids","lvl12_forestry_harvest","thr_year",0.103707468017108,5.29097153922183e-15,TRUE,0.129677155705654,0.0776879982895136,0.00171480155919207,21
"377","Conductivity","lvl12_mines","thr_year",0.529140007967674,0,TRUE,0.547321643898837,0.511026029333254,0.0376300847420704,21
"378","Dissolved_Oxygen","lvl12_mines","thr_year",-0.504776623388653,2.70135759118676e-41,TRUE,-0.43305024815601,-0.580157570783634,0.0115288676282729,21
"379","pH","lvl12_mines","thr_year",-6.17104977764071,1.15483478598739e-57,TRUE,-5.45933200728078,-6.97473581450456,0.0690234825321741,21
"380","Dissolved_Chloride","lvl12_mines","thr_year",-7.06133283367327,3.32963409113188e-09,TRUE,-5.13549941586122,-9.92521372558987,0.131209597324365,21
"381","Nitrate","lvl12_mines","thr_year",1.13875364167069,0,TRUE,1.16410389366958,1.11358483505687,0.259085638576407,21
"382","Turbidity","lvl12_mines","thr_year",-0.629966319259001,0,TRUE,-0.609042914724468,-0.651063187778737,0.0610688847980919,21
"383","Total_Phosphorous","lvl12_mines","thr_year",-0.340077627523215,1.97692885478088e-75,TRUE,-0.3040389854735,-0.376584763507012,0.0181512881165474,21
"384","Total_Dissolved_Solids","lvl12_mines","thr_year",0.7336340454453,0,TRUE,0.757324827162367,0.710035534444567,0.113071836613401,21
"385","Conductivity","lvl12_nav_water","thr_year",-1.22225499262724,0,TRUE,-1.19315812934642,-1.25172728809248,0.138296631027072,21
"386","Dissolved_Oxygen","lvl12_nav_water","thr_year",-0.383417212076117,1.81443387229923e-25,TRUE,-0.312722105948705,-0.456852170859204,0.00606051892105389,21
"387","pH","lvl12_nav_water","thr_year",-0.713161357317668,3.6784442333037e-138,TRUE,-0.658214279276288,-0.769970379108262,0.0277127188458021,21
"388","Dissolved_Chloride","lvl12_nav_water","thr_year",-2.22783324999327,3.77699553091916e-10,TRUE,-1.61684565356566,-3.02471558680909,0.031312177997681,21
"389","Nitrate","lvl12_nav_water","thr_year",-2.21303617128549,4.67813545198967e-187,TRUE,-2.06813195699464,-2.36564155859045,0.0704449315295727,21
"390","Turbidity","lvl12_nav_water","thr_year",0.378156040204574,0,TRUE,0.396509787632407,0.359914493079019,0.0256654559433815,21
"391","Total_Phosphorous","lvl12_nav_water","thr_year",-0.0873098725427339,1.04961049459706e-05,TRUE,-0.0491854938996598,-0.126884281465788,0.0010186608989319,21
"392","Total_Dissolved_Solids","lvl12_nav_water","thr_year",-3.58508584317916,1.52712060401399e-97,TRUE,-3.26337702522703,-3.93433824527679,0.0692142780928621,21
"393","Conductivity","lvl12_night_lights","thr_year",-0.224088013955025,7.60817998607817e-233,TRUE,-0.210647756671264,-0.237609288217001,0.0125575900849459,21
"394","Dissolved_Oxygen","lvl12_night_lights","thr_year",0.247902882454976,2.89801894504519e-43,TRUE,0.282680888154525,0.212196065898586,0.00701499000396946,21
"395","pH","lvl12_night_lights","thr_year",-1.39874422441801,1.83016508895188e-117,TRUE,-1.28315258930941,-1.52132381693574,0.046622146378409,21
"396","Dissolved_Chloride","lvl12_night_lights","thr_year",0.87050590323176,1.33672894571131e-242,TRUE,0.921677226221506,0.819041402267891,0.138345181623215,21
"397","Nitrate","lvl12_night_lights","thr_year",-0.619088927495706,1.61423295361048e-46,TRUE,-0.536658545762899,-0.706340191132974,0.00830960465971019,21
"398","Turbidity","lvl12_night_lights","thr_year",0.450863892534274,0,TRUE,0.471277623316386,0.430656285811299,0.0310706243755049,21
"399","Total_Phosphorous","lvl12_night_lights","thr_year",0.0716616340026375,0.00918849431801552,FALSE,0.124603661692258,0.0166902192760777,0.000310753308072469,19
"400","Total_Dissolved_Solids","lvl12_night_lights","thr_year",-6.71332582214056,6.21424041512518e-284,TRUE,-6.34996555211744,-7.08080075618089,0.0493558072923081,21
"401","Conductivity","lvl12_pasture","thr_year",0.471326268787352,0,TRUE,0.485297514070591,0.457389872628988,0.0500492819322847,21
"402","Dissolved_Oxygen","lvl12_pasture","thr_year",0.218354676632933,2.54867815701331e-43,TRUE,0.249231534016536,0.187199998757889,0.0078751804350514,21
"403","pH","lvl12_pasture","thr_year",-0.380473064206524,3.33388630792534e-81,TRUE,-0.341850109419611,-0.420016466881991,0.012370642369396,21
"404","Dissolved_Chloride","lvl12_pasture","thr_year",0.839294955287847,3.62639720077051e-200,TRUE,0.893710571951438,0.784667704721976,0.119645469368911,21
"405","Nitrate","lvl12_pasture","thr_year",-0.689209305946653,2.890891729706e-117,TRUE,-0.631598786316961,-0.74899216782566,0.021766939562768,21
"406","Turbidity","lvl12_pasture","thr_year",0.558213299894138,7.07515173486334e-167,TRUE,0.598185994546159,0.518704387782545,0.0121494815486233,21
"407","Total_Phosphorous","lvl12_pasture","thr_year",0.290562698944828,1.92818279664052e-16,TRUE,0.358964629726322,0.220410978700935,0.002894235005646,21
"408","Total_Dissolved_Solids","lvl12_pasture","thr_year",-10.7691797088912,3.32736879795009e-184,TRUE,-10.0628002144427,-11.5224239470908,0.172864481355915,21
"409","Conductivity","lvl12_population_density","thr_year",-0.0536437415987503,1.32044581369803e-12,TRUE,-0.0388207401070971,-0.0684706496694539,0.00054467208009349,21
"410","Dissolved_Oxygen","lvl12_population_density","thr_year",0.750340357623564,1.35625717374579e-235,TRUE,0.795348402843628,0.70560005950656,0.0508292658483189,21
"411","pH","lvl12_population_density","thr_year",-0.0639846726600413,1.50118305989654e-05,TRUE,-0.0350754577440505,-0.0930233264201891,0.000507462140799783,21
"412","Dissolved_Chloride","lvl12_population_density","thr_year",1.43228794166541,2.59189658327143e-278,TRUE,1.51191303719978,1.35432728107929,0.24199483863699,21
"413","Nitrate","lvl12_population_density","thr_year",-1.75715951233507,1.58008311713024e-313,TRUE,-1.66761405342416,-1.84960403592805,0.0840428473575,21
"414","Turbidity","lvl12_population_density","thr_year",0.270645850275848,9.97137104051216e-154,TRUE,0.290728813913431,0.250559930425625,0.00981404670921557,21
"415","Total_Phosphorous","lvl12_population_density","thr_year",0.257673604117926,8.15863995501283e-29,TRUE,0.30271426205799,0.212014268721262,0.0054952755598016,21
"416","Total_Dissolved_Solids","lvl12_population_density","thr_year",-4.0849071841039,0,TRUE,-3.9077063969184,-4.26790192498924,0.207434451520225,21
"417","Conductivity","lvl12_rail","thr_year",0.00651241841359859,0.339948207069626,FALSE,0.0198742856462389,-0.00687805860288168,9.84364708426446e-06,19
"418","Dissolved_Oxygen","lvl12_rail","thr_year",0.246236448740813,1.21642801285654e-41,TRUE,0.28167895002535,0.210269385038295,0.00730682409223677,21
"419","pH","lvl12_rail","thr_year",-1.6012030659791,8.39346406667692e-234,TRUE,-1.50691577703214,-1.69921458673383,0.0726067176875556,21
"420","Dissolved_Chloride","lvl12_rail","thr_year",0.64400128641133,6.58590056503526e-85,TRUE,0.70811091845224,0.578762232537738,0.0519721330957676,21
"421","Nitrate","lvl12_rail","thr_year",0.0419373628739359,0.00586031366032198,FALSE,0.0716977633842865,0.0120335377238636,0.000193653532482032,19
"422","Turbidity","lvl12_rail","thr_year",0.0858352887059258,3.60765126279281e-21,TRUE,0.103631181753224,0.0679996898600015,0.00125356456763447,21
"423","Total_Phosphorous","lvl12_rail","thr_year",-0.133445769231405,2.55603153188587e-08,TRUE,-0.0869310060286408,-0.180870389000611,0.00157835905625716,21
"424","Total_Dissolved_Solids","lvl12_rail","thr_year",0.295701230375775,1.23633683668702e-54,TRUE,0.332908475960197,0.258437761984184,0.00670609271429861,21
"425","Conductivity","lvl12_roads","thr_year",0.155551065598323,2.53610084204223e-70,TRUE,0.172769273132537,0.138374642995677,0.00346913900020202,21
"426","Dissolved_Oxygen","lvl12_roads","thr_year",1.30490945508503,6.76240162645847e-209,TRUE,1.38910393686129,1.22324167224738,0.0735581834629061,21
"427","pH","lvl12_roads","thr_year",0.0183180262290767,0.234342702616697,FALSE,0.0485850766515433,-0.0117971941318992,3.8061603393177e-05,19
"428","Dissolved_Chloride","lvl12_roads","thr_year",2.30371516970502,9.15559259966259e-181,TRUE,2.46483160590453,2.14968851677054,0.277060119556257,21
"429","Nitrate","lvl12_roads","thr_year",-1.04097636238304,0,TRUE,-1.00274544247313,-1.07959002711569,0.0932948784300241,21
"430","Turbidity","lvl12_roads","thr_year",0.124306044514413,7.31485660031635e-41,TRUE,0.142507147297507,0.106104779398671,0.00254780546248908,21
"431","Total_Phosphorous","lvl12_roads","thr_year",0.129289946327427,5.7525877501921e-10,TRUE,0.170109757621001,0.0883228042130264,0.00182685301302342,21
"432","Total_Dissolved_Solids","lvl12_roads","thr_year",-1.41170502988594,0,TRUE,-1.36957736010513,-1.45426805047397,0.163352855053757,21
